Workbook

Sheet Sheet1
A1: Kontoplan
P3: den 27 december 2025
P4: Sida 1 / 2
P7: USER_B1C8654F5C2B4759BB1E86754FC7249F
A8: ODLANU i Sverige AB
A13: Nr | B13: Namn | D13: Resultaträkning/Balansräkning | F13: Kontotyp | I13: Direktbokföring | K13: Summeringsintervall | M13: Typ av bokföring | O13: Gen. rörelsebokföringsmall | R13: Produktbokföringsmall | T13: Konsoliderad omräkningsmetod
A17: 1000 | B17: BALANSRÄKNING | D17: Balansräkning | F17: Rubrik | T17: Genomsnittskurs (manuell) | X17: =VLOOKUP(A17,'Ark1'!A:A,1,FALSE) -> #N/A | Y17: =VLOOKUP(A17,'Ark1'!A:B,2,FALSE) -> #N/A
X18: =VLOOKUP(A18,'Ark1'!A:A,1,FALSE) -> #N/A | Y18: =VLOOKUP(A18,'Ark1'!A:B,2,FALSE) -> #N/A
A19: 1002 | B19: TILLGÅNGAR | D19: Balansräkning | F19: Från-Summa | T19: Genomsnittskurs (manuell) | X19: =VLOOKUP(A19,'Ark1'!A:A,1,FALSE) -> #N/A | Y19: =VLOOKUP(A19,'Ark1'!A:B,2,FALSE) -> #N/A
X20: =VLOOKUP(A20,'Ark1'!A:A,1,FALSE) -> #N/A | Y20: =VLOOKUP(A20,'Ark1'!A:B,2,FALSE) -> #N/A
A21: 1003 | B21: Anläggningstillgångar | D21: Balansräkning | F21: Från-Summa | T21: Genomsnittskurs (manuell) | X21: =VLOOKUP(A21,'Ark1'!A:A,1,FALSE) -> #N/A | Y21: =VLOOKUP(A21,'Ark1'!A:B,2,FALSE) -> #N/A
A22: 1005 | B22: Materiella anl.tillgångar | D22: Balansräkning | F22: Från-Summa | T22: Genomsnittskurs (manuell) | X22: =VLOOKUP(A22,'Ark1'!A:A,1,FALSE) -> #N/A | Y22: =VLOOKUP(A22,'Ark1'!A:B,2,FALSE) -> #N/A
A23: 1100 | B23: Byggnader och mark, Från-summa | D23: Balansräkning | F23: Från-Summa | T23: Genomsnittskurs (manuell) | X23: =VLOOKUP(A23,'Ark1'!A:A,1,FALSE) -> #N/A | Y23: =VLOOKUP(A23,'Ark1'!A:B,2,FALSE) -> #N/A
A24: 1110 | B24: Byggnader och mark | D24: Balansräkning | F24: Bokföring | I24: Ja | X24: =VLOOKUP(A24,'Ark1'!A:A,1,FALSE) -> #N/A | Y24: =VLOOKUP(A24,'Ark1'!A:B,2,FALSE) -> #N/A
A25: 1115 | B25: Ökningar under året – byggnader | D25: Balansräkning | F25: Bokföring | I25: Ja | M25: Inköp | O25: INRIKES | R25: DIV | X25: =VLOOKUP(A25,'Ark1'!A:A,1,FALSE) -> #N/A | Y25: =VLOOKUP(A25,'Ark1'!A:B,2,FALSE) -> #N/A
A26: 1116 | B26: Minskningar under året – byggnader | D26: Balansräkning | F26: Bokföring | I26: Ja | M26: Försäljning | O26: INRIKES | R26: DIV | X26: =VLOOKUP(A26,'Ark1'!A:A,1,FALSE) -> #N/A | Y26: =VLOOKUP(A26,'Ark1'!A:B,2,FALSE) -> #N/A
A27: 1190 | B27: Byggnader och mark totalt | D27: Balansräkning | F27: Till-Summa | K27: 1100..1190 | T27: Genomsnittskurs (manuell) | X27: =VLOOKUP(A27,'Ark1'!A:A,1,FALSE) -> #N/A | Y27: =VLOOKUP(A27,'Ark1'!A:B,2,FALSE) -> #N/A
A28: 1200 | B28: Maskiner och inventarier, Från-summa | D28: Balansräkning | F28: Från-Summa | T28: Genomsnittskurs (manuell) | X28: =VLOOKUP(A28,'Ark1'!A:A,1,FALSE) -> #N/A | Y28: =VLOOKUP(A28,'Ark1'!A:B,2,FALSE) -> #N/A
A29: 1210 | B29: Maskiner och inventarier | D29: Balansräkning | F29: Bokföring | I29: Ja | X29: =VLOOKUP(A29,'Ark1'!A:A,1,FALSE) -> 1210 | Y29: =VLOOKUP(A29,'Ark1'!A:B,2,FALSE) -> Anläggningar och maskiner
A30: 1215 | B30: Ökningar under året | D30: Balansräkning | F30: Bokföring | I30: Ja | X30: =VLOOKUP(A30,'Ark1'!A:A,1,FALSE) -> #N/A | Y30: =VLOOKUP(A30,'Ark1'!A:B,2,FALSE) -> #N/A
A31: 1216 | B31: Minskningar under året | D31: Balansräkning | F31: Bokföring | I31: Ja | M31: Försäljning | O31: INRIKES | R31: DIV | X31: =VLOOKUP(A31,'Ark1'!A:A,1,FALSE) -> #N/A | Y31: =VLOOKUP(A31,'Ark1'!A:B,2,FALSE) -> #N/A
A32: 1219 | B32: Ackumulerade avskrivningar | D32: Balansräkning | F32: Bokföring | I32: Ja | X32: =VLOOKUP(A32,'Ark1'!A:A,1,FALSE) -> 1219 | Y32: =VLOOKUP(A32,'Ark1'!A:B,2,FALSE) -> Ack avskrivningar verktyg och maskiner
A33: 1220 | B33: Maskiner och inventarier total | D33: Balansräkning | F33: Till-Summa | K33: 1200..1220 | T33: Genomsnittskurs (manuell) | X33: =VLOOKUP(A33,'Ark1'!A:A,1,FALSE) -> 1220 | Y33: =VLOOKUP(A33,'Ark1'!A:B,2,FALSE) -> Verktyg och installationer
A34: 1240 | B34: Fordon, Från-Summa | D34: Balansräkning | F34: Från-Summa | T34: Genomsnittskurs (manuell) | X34: =VLOOKUP(A34,'Ark1'!A:A,1,FALSE) -> 1240 | Y34: =VLOOKUP(A34,'Ark1'!A:B,2,FALSE) -> Fordon för transport
A35: 1241 | B35: Fordon | D35: Balansräkning | F35: Bokföring | I35: Ja | X35: =VLOOKUP(A35,'Ark1'!A:A,1,FALSE) -> #N/A | Y35: =VLOOKUP(A35,'Ark1'!A:B,2,FALSE) -> #N/A
A36: 1245 | B36: Ökningar under året | D36: Balansräkning | F36: Bokföring | I36: Ja | M36: Inköp | O36: INRIKES | R36: DIV | X36: =VLOOKUP(A36,'Ark1'!A:A,1,FALSE) -> #N/A | Y36: =VLOOKUP(A36,'Ark1'!A:B,2,FALSE) -> #N/A
A37: 1246 | B37: Minskningar under året – fordon | D37: Balansräkning | F37: Bokföring | I37: Ja | M37: Försäljning | O37: INRIKES | R37: DIV | X37: =VLOOKUP(A37,'Ark1'!A:A,1,FALSE) -> #N/A | Y37: =VLOOKUP(A37,'Ark1'!A:B,2,FALSE) -> #N/A
A38: 1249 | B38: Ack. avskrivning på bilar | D38: Balansräkning | F38: Bokföring | I38: Ja | X38: =VLOOKUP(A38,'Ark1'!A:A,1,FALSE) -> 1249 | Y38: =VLOOKUP(A38,'Ark1'!A:B,2,FALSE) -> Ack avskrivningar fordon för transport
A39: 1250 | B39: Bilar och transp.medel totalt | D39: Balansräkning | F39: Till-Summa | K39: 1240..1250 | T39: Genomsnittskurs (manuell) | X39: =VLOOKUP(A39,'Ark1'!A:A,1,FALSE) -> #N/A | Y39: =VLOOKUP(A39,'Ark1'!A:B,2,FALSE) -> #N/A
A40: 1260 | B40: Materiella anl.tillg. totalt | D40: Balansräkning | F40: Till-Summa | K40: 1005..1260 | T40: Genomsnittskurs (manuell) | X40: =VLOOKUP(A40,'Ark1'!A:A,1,FALSE) -> #N/A | Y40: =VLOOKUP(A40,'Ark1'!A:B,2,FALSE) -> #N/A
A41: 1300 | B41: Värdepapper | D41: Balansräkning | F41: Från-Summa | T41: Genomsnittskurs (manuell) | X41: =VLOOKUP(A41,'Ark1'!A:A,1,FALSE) -> #N/A | Y41: =VLOOKUP(A41,'Ark1'!A:B,2,FALSE) -> #N/A
A42: 1310 | B42: Aktier och andelar koncernftg | D42: Balansräkning | F42: Bokföring | I42: Ja | X42: =VLOOKUP(A42,'Ark1'!A:A,1,FALSE) -> #N/A | Y42: =VLOOKUP(A42,'Ark1'!A:B,2,FALSE) -> #N/A
A43: 1397 | B43: Finansiella anlägg.tillg. tot. | D43: Balansräkning | F43: Till-Summa | K43: 1300..1397 | T43: Genomsnittskurs (manuell) | X43: =VLOOKUP(A43,'Ark1'!A:A,1,FALSE) -> #N/A | Y43: =VLOOKUP(A43,'Ark1'!A:B,2,FALSE) -> #N/A
A44: 1398 | B44: Anläggningstillgångar totalt | D44: Balansräkning | F44: Till-Summa | K44: 1003..1398 | T44: Genomsnittskurs (manuell) | X44: =VLOOKUP(A44,'Ark1'!A:A,1,FALSE) -> #N/A | Y44: =VLOOKUP(A44,'Ark1'!A:B,2,FALSE) -> #N/A
X45: =VLOOKUP(A45,'Ark1'!A:A,1,FALSE) -> #N/A | Y45: =VLOOKUP(A45,'Ark1'!A:B,2,FALSE) -> #N/A
A46: 1400 | B46: Omsättningstillgångar | D46: Balansräkning | F46: Från-Summa | T46: Genomsnittskurs (manuell) | X46: =VLOOKUP(A46,'Ark1'!A:A,1,FALSE) -> #N/A | Y46: =VLOOKUP(A46,'Ark1'!A:B,2,FALSE) -> #N/A
A47: 1401 | B47: Lager | D47: Balansräkning | F47: Från-Summa | T47: Genomsnittskurs (manuell) | X47: =VLOOKUP(A47,'Ark1'!A:A,1,FALSE) -> #N/A | Y47: =VLOOKUP(A47,'Ark1'!A:B,2,FALSE) -> #N/A
A48: 1410 | B48: Råmaterial | D48: Balansräkning | F48: Bokföring | I48: Ja | X48: =VLOOKUP(A48,'Ark1'!A:A,1,FALSE) -> 1410 | Y48: =VLOOKUP(A48,'Ark1'!A:B,2,FALSE) -> Råvarulager
A49: 1411 | B49: Råmaterial (interim) | D49: Balansräkning | F49: Bokföring | I49: Ja | X49: =VLOOKUP(A49,'Ark1'!A:A,1,FALSE) -> #N/A | Y49: =VLOOKUP(A49,'Ark1'!A:B,2,FALSE) -> #N/A
A50: 1430 | B50: PIA för projekt | D50: Balansräkning | F50: Från-Summa | T50: Genomsnittskurs (manuell) | X50: =VLOOKUP(A50,'Ark1'!A:A,1,FALSE) -> #N/A | Y50: =VLOOKUP(A50,'Ark1'!A:B,2,FALSE) -> #N/A
A51: 1431 | B51: Produkter i arbete intäkter | D51: Balansräkning | F51: Från-Summa | T51: Genomsnittskurs (manuell) | X51: =VLOOKUP(A51,'Ark1'!A:A,1,FALSE) -> #N/A | Y51: =VLOOKUP(A51,'Ark1'!A:B,2,FALSE) -> #N/A
A52: 1432 | B52: PIA-projektförsäljning | D52: Balansräkning | F52: Bokföring | I52: Ja | X52: =VLOOKUP(A52,'Ark1'!A:A,1,FALSE) -> #N/A | Y52: =VLOOKUP(A52,'Ark1'!A:B,2,FALSE) -> #N/A
A53: 1433 | B53: Fakturerad projektförsäljning | D53: Balansräkning | F53: Bokföring | I53: Ja | X53: =VLOOKUP(A53,'Ark1'!A:A,1,FALSE) -> #N/A | Y53: =VLOOKUP(A53,'Ark1'!A:B,2,FALSE) -> #N/A
A54: 1434 | B54: PIA-försäljning, totalt | D54: Balansräkning | F54: Till-Summa | K54: 1431..1434 | T54: Genomsnittskurs (manuell) | X54: =VLOOKUP(A54,'Ark1'!A:A,1,FALSE) -> #N/A | Y54: =VLOOKUP(A54,'Ark1'!A:B,2,FALSE) -> #N/A
A55: 1435 | B55: Produkter i arbete kostnader | D55: Balansräkning | F55: Från-Summa | T55: Genomsnittskurs (manuell) | X55: =VLOOKUP(A55,'Ark1'!A:A,1,FALSE) -> #N/A | Y55: =VLOOKUP(A55,'Ark1'!A:B,2,FALSE) -> #N/A
A56: 1436 | B56: PIA-projektkostnader | D56: Balansräkning | F56: Bokföring | I56: Ja | X56: =VLOOKUP(A56,'Ark1'!A:A,1,FALSE) -> #N/A | Y56: =VLOOKUP(A56,'Ark1'!A:B,2,FALSE) -> #N/A
A57: 1437 | B57: Upplupna projektkostnader | D57: Balansräkning | F57: Bokföring | I57: Ja | X57: =VLOOKUP(A57,'Ark1'!A:A,1,FALSE) -> #N/A | Y57: =VLOOKUP(A57,'Ark1'!A:B,2,FALSE) -> #N/A
A58: 1438 | B58: PIA-kostnader, totalt | D58: Balansräkning | F58: Till-Summa | K58: 1435..1438 | T58: Genomsnittskurs (manuell) | X58: =VLOOKUP(A58,'Ark1'!A:A,1,FALSE) -> #N/A | Y58: =VLOOKUP(A58,'Ark1'!A:B,2,FALSE) -> #N/A
A59: 1440 | B59: PIA färdigvaror | D59: Balansräkning | F59: Bokföring | I59: Ja | X59: =VLOOKUP(A59,'Ark1'!A:A,1,FALSE) -> #N/A | Y59: =VLOOKUP(A59,'Ark1'!A:B,2,FALSE) -> #N/A
A60: 1449 | B60: PIA för projekt, totalt | D60: Balansräkning | F60: Till-Summa | K60: 1430..1449 | T60: Genomsnittskurs (manuell) | X60: =VLOOKUP(A60,'Ark1'!A:A,1,FALSE) -> #N/A | Y60: =VLOOKUP(A60,'Ark1'!A:B,2,FALSE) -> #N/A
A61: 1450 | B61: Lager färdigvaror | D61: Balansräkning | F61: Bokföring | I61: Ja | X61: =VLOOKUP(A61,'Ark1'!A:A,1,FALSE) -> 1450 | Y61: =VLOOKUP(A61,'Ark1'!A:B,2,FALSE) -> Emballage
A62: 1451 | B62: Lager färdigvaror (interim) | D62: Balansräkning | F62: Bokföring | I62: Ja | X62: =VLOOKUP(A62,'Ark1'!A:A,1,FALSE) -> #N/A | Y62: =VLOOKUP(A62,'Ark1'!A:B,2,FALSE) -> #N/A
A63: 1452 | B63: Primo-lager | D63: Balansräkning | F63: Bokföring | I63: Ja | X63: =VLOOKUP(A63,'Ark1'!A:A,1,FALSE) -> #N/A | Y63: =VLOOKUP(A63,'Ark1'!A:B,2,FALSE) -> #N/A
A64: 1460 | B64: Lager varor | D64: Balansräkning | F64: Bokföring | I64: Ja | X64: =VLOOKUP(A64,'Ark1'!A:A,1,FALSE) -> 1460 | Y64: =VLOOKUP(A64,'Ark1'!A:B,2,FALSE) -> Lagerartiklar e-handel
A65: 1461 | B65: Lager varor (interim) | D65: Balansräkning | F65: Bokföring | I65: Ja | X65: =VLOOKUP(A65,'Ark1'!A:A,1,FALSE) -> 1461 | Y65: =VLOOKUP(A65,'Ark1'!A:B,2,FALSE) -> Lagerartiklar butik
A66: 1499 | B66: Lager totalt | D66: Balansräkning | F66: Till-Summa | K66: 1401..1499 | T66: Genomsnittskurs (manuell) | X66: =VLOOKUP(A66,'Ark1'!A:A,1,FALSE) -> #N/A | Y66: =VLOOKUP(A66,'Ark1'!A:B,2,FALSE) -> #N/A
A67: 1500 | B67: Kundreskontra | D67: Balansräkning | F67: Från-Summa | T67: Genomsnittskurs (manuell) | X67: =VLOOKUP(A67,'Ark1'!A:A,1,FALSE) -> #N/A | Y67: =VLOOKUP(A67,'Ark1'!A:B,2,FALSE) -> #N/A
A68: 1510 | B68: Kunder inrikes | D68: Balansräkning | F68: Bokföring | I68: Ja | X68: =VLOOKUP(A68,'Ark1'!A:A,1,FALSE) -> 1510 | Y68: =VLOOKUP(A68,'Ark1'!A:B,2,FALSE) -> Kundfordringar
A69: 1511 | B69: Kundfordringar utländska | D69: Balansräkning | F69: Bokföring | I69: Ja | X69: =VLOOKUP(A69,'Ark1'!A:A,1,FALSE) -> #N/A | Y69: =VLOOKUP(A69,'Ark1'!A:B,2,FALSE) -> #N/A
A70: 1520 | B70: Upplupna inkomsträntor | D70: Balansräkning | F70: Bokföring | I70: Ja | X70: =VLOOKUP(A70,'Ark1'!A:A,1,FALSE) -> #N/A | Y70: =VLOOKUP(A70,'Ark1'!A:B,2,FALSE) -> #N/A
A71: 1530 | B71: Övriga fordringar | D71: Balansräkning | F71: Bokföring | I71: Ja | X71: =VLOOKUP(A71,'Ark1'!A:A,1,FALSE) -> #N/A | Y71: =VLOOKUP(A71,'Ark1'!A:B,2,FALSE) -> #N/A
A72: 1599 | B72: Fordringar totalt | D72: Balansräkning | F72: Till-Summa | K72: 1500..1599 | T72: Genomsnittskurs (manuell) | X72: =VLOOKUP(A72,'Ark1'!A:A,1,FALSE) -> #N/A | Y72: =VLOOKUP(A72,'Ark1'!A:B,2,FALSE) -> #N/A
A73: 1793 | B73: Utlev. ej fakturerade | D73: Balansräkning | F73: Bokföring | I73: Ja | X73: =VLOOKUP(A73,'Ark1'!A:A,1,FALSE) -> #N/A | Y73: =VLOOKUP(A73,'Ark1'!A:B,2,FALSE) -> #N/A
A74: 1900 | B74: Likvida tillgångar | D74: Balansräkning | F74: Från-Summa | T74: Genomsnittskurs (manuell) | X74: =VLOOKUP(A74,'Ark1'!A:A,1,FALSE) -> #N/A | Y74: =VLOOKUP(A74,'Ark1'!A:B,2,FALSE) -> #N/A
A75: 1910 | B75: Kontant | D75: Balansräkning | F75: Bokföring | I75: Ja | X75: =VLOOKUP(A75,'Ark1'!A:A,1,FALSE) -> 1910 | Y75: =VLOOKUP(A75,'Ark1'!A:B,2,FALSE) -> Kassa & Bank
A76: 1920 | B76: Postgiro | D76: Balansräkning | F76: Bokföring | I76: Ja | X76: =VLOOKUP(A76,'Ark1'!A:A,1,FALSE) -> 1920 | Y76: =VLOOKUP(A76,'Ark1'!A:B,2,FALSE) -> Externa bankkonto
A77: 1940 | B77: Bank, BVA | D77: Balansräkning | F77: Bokföring | I77: Ja | X77: =VLOOKUP(A77,'Ark1'!A:A,1,FALSE) -> #N/A | Y77: =VLOOKUP(A77,'Ark1'!A:B,2,FALSE) -> #N/A
A78: 1941 | B78: Bank valutakonto | D78: Balansräkning | F78: Bokföring | I78: Ja | X78: =VLOOKUP(A78,'Ark1'!A:A,1,FALSE) -> #N/A | Y78: =VLOOKUP(A78,'Ark1'!A:B,2,FALSE) -> #N/A
A79: 1949 | B79: Likvida tillgångar totalt | D79: Balansräkning | F79: Till-Summa | K79: 1900..1949 | T79: Genomsnittskurs (manuell) | X79: =VLOOKUP(A79,'Ark1'!A:A,1,FALSE) -> #N/A | Y79: =VLOOKUP(A79,'Ark1'!A:B,2,FALSE) -> #N/A
A80: 1998 | B80: Omsättningstillgångar, totalt | D80: Balansräkning | F80: Till-Summa | K80: 1400..1998 | T80: Genomsnittskurs (manuell) | X80: =VLOOKUP(A80,'Ark1'!A:A,1,FALSE) -> #N/A | Y80: =VLOOKUP(A80,'Ark1'!A:B,2,FALSE) -> #N/A
X81: =VLOOKUP(A81,'Ark1'!A:A,1,FALSE) -> #N/A | Y81: =VLOOKUP(A81,'Ark1'!A:B,2,FALSE) -> #N/A
A82: 1999 | B82: Tillgångar totalt | D82: Balansräkning | F82: Till-Summa | K82: 1002..1999 | T82: Genomsnittskurs (manuell) | X82: =VLOOKUP(A82,'Ark1'!A:A,1,FALSE) -> 1999 | Y82: =VLOOKUP(A82,'Ark1'!A:B,2,FALSE) -> OBS konto
X83: =VLOOKUP(A83,'Ark1'!A:A,1,FALSE) -> #N/A | Y83: =VLOOKUP(A83,'Ark1'!A:B,2,FALSE) -> #N/A
A84: 2000 | B84: Eget kapital och skulder | D84: Balansräkning | F84: Från-Summa | T84: Genomsnittskurs (manuell) | X84: =VLOOKUP(A84,'Ark1'!A:A,1,FALSE) -> #N/A | Y84: =VLOOKUP(A84,'Ark1'!A:B,2,FALSE) -> #N/A
X85: =VLOOKUP(A85,'Ark1'!A:A,1,FALSE) -> #N/A | Y85: =VLOOKUP(A85,'Ark1'!A:B,2,FALSE) -> #N/A
A86: 2010 | B86: Eget kapital delägare | D86: Balansräkning | F86: Rubrik | T86: Genomsnittskurs (manuell) | X86: =VLOOKUP(A86,'Ark1'!A:A,1,FALSE) -> #N/A | Y86: =VLOOKUP(A86,'Ark1'!A:B,2,FALSE) -> #N/A
A87: 2081 | B87: Aktiekapital | D87: Balansräkning | F87: Bokföring | I87: Ja | X87: =VLOOKUP(A87,'Ark1'!A:A,1,FALSE) -> 2081 | Y87: =VLOOKUP(A87,'Ark1'!A:B,2,FALSE) -> Aktiekapital
A88: 2085 | B88: Uppskjuten skatt | D88: Balansräkning | F88: Bokföring | I88: Ja | X88: =VLOOKUP(A88,'Ark1'!A:A,1,FALSE) -> #N/A | Y88: =VLOOKUP(A88,'Ark1'!A:B,2,FALSE) -> #N/A
A89: 2091 | B89: Balanserad vinst eller förlust | D89: Balansräkning | F89: Bokföring | I89: Ja | X89: =VLOOKUP(A89,'Ark1'!A:A,1,FALSE) -> 2091 | Y89: =VLOOKUP(A89,'Ark1'!A:B,2,FALSE) -> Balanserat resultat
A90: 2099 | B90: Eget kapital delägare totalt | D90: Balansräkning | F90: Summa | K90: 2010..2099|3000..8999 | T90: Genomsnittskurs (manuell) | X90: =VLOOKUP(A90,'Ark1'!A:A,1,FALSE) -> 2099 | Y90: =VLOOKUP(A90,'Ark1'!A:B,2,FALSE) -> Årets resultat
A91: 2211 | B91: Skatteskulder | D91: Balansräkning | F91: Bokföring | I91: Ja | X91: =VLOOKUP(A91,'Ark1'!A:A,1,FALSE) -> #N/A | Y91: =VLOOKUP(A91,'Ark1'!A:B,2,FALSE) -> #N/A
A92: 2300 | B92: Långfristiga skulder | D92: Balansräkning | F92: Från-Summa | T92: Genomsnittskurs (manuell) | X92: =VLOOKUP(A92,'Ark1'!A:A,1,FALSE) -> #N/A | Y92: =VLOOKUP(A92,'Ark1'!A:B,2,FALSE) -> #N/A
A93: 2330 | B93: Checkkredit | D93: Balansräkning | F93: Bokföring | I93: Ja | X93: =VLOOKUP(A93,'Ark1'!A:A,1,FALSE) -> #N/A | Y93: =VLOOKUP(A93,'Ark1'!A:B,2,FALSE) -> #N/A
A94: 2352 | B94: Hypotek | D94: Balansräkning | F94: Bokföring | I94: Ja | X94: =VLOOKUP(A94,'Ark1'!A:A,1,FALSE) -> #N/A | Y94: =VLOOKUP(A94,'Ark1'!A:B,2,FALSE) -> #N/A
A95: 2359 | B95: Långfristiga skulder kreditins | D95: Balansräkning | F95: Bokföring | I95: Ja | X95: =VLOOKUP(A95,'Ark1'!A:A,1,FALSE) -> #N/A | Y95: =VLOOKUP(A95,'Ark1'!A:B,2,FALSE) -> #N/A
A96: 2399 | B96: Långfristiga skulder totalt | D96: Balansräkning | F96: Till-Summa | K96: 2300..2399 | T96: Genomsnittskurs (manuell) | X96: =VLOOKUP(A96,'Ark1'!A:A,1,FALSE) -> #N/A | Y96: =VLOOKUP(A96,'Ark1'!A:B,2,FALSE) -> #N/A
A97: 2400 | B97: Kortfristiga skulder | D97: Balansräkning | F97: Från-Summa | T97: Genomsnittskurs (manuell) | X97: =VLOOKUP(A97,'Ark1'!A:A,1,FALSE) -> #N/A | Y97: =VLOOKUP(A97,'Ark1'!A:B,2,FALSE) -> #N/A
A98: 2440 | B98: Leverantörsreskontra | D98: Balansräkning | F98: Från-Summa | T98: Genomsnittskurs (manuell) | X98: =VLOOKUP(A98,'Ark1'!A:A,1,FALSE) -> 2440 | Y98: =VLOOKUP(A98,'Ark1'!A:B,2,FALSE) -> Leverantörsskulder
A99: 2441 | B99: Leverantörsskulder inrikes | D99: Balansräkning | F99: Bokföring | I99: Ja | X99: =VLOOKUP(A99,'Ark1'!A:A,1,FALSE) -> 2441 | Y99: =VLOOKUP(A99,'Ark1'!A:B,2,FALSE) -> Leverantörsskulder valutajustering
A100: 2442 | B100: Leverantörsskulder utländska | D100: Balansräkning | F100: Bokföring | I100: Ja | X100: =VLOOKUP(A100,'Ark1'!A:A,1,FALSE) -> #N/A | Y100: =VLOOKUP(A100,'Ark1'!A:B,2,FALSE) -> #N/A
A101: 2449 | B101: Leverantörsskulder, totalt | D101: Balansräkning | F101: Till-Summa | K101: 2440..2449 | T101: Genomsnittskurs (manuell) | X101: =VLOOKUP(A101,'Ark1'!A:A,1,FALSE) -> #N/A | Y101: =VLOOKUP(A101,'Ark1'!A:B,2,FALSE) -> #N/A
A102: 2510 | B102: Övrig skatteskuld | D102: Balansräkning | F102: Bokföring | I102: Ja | X102: =VLOOKUP(A102,'Ark1'!A:A,1,FALSE) -> 2510 | Y102: =VLOOKUP(A102,'Ark1'!A:B,2,FALSE) -> Skatteskulder
A103: 2600 | B103: Lagerjust. (interim) | D103: Balansräkning | F103: Från-Summa | T103: Genomsnittskurs (manuell) | X103: =VLOOKUP(A103,'Ark1'!A:A,1,FALSE) -> #N/A | Y103: =VLOOKUP(A103,'Ark1'!A:B,2,FALSE) -> #N/A
A104: 2610 | B104: Utgående moms 25 % | D104: Balansräkning | F104: Bokföring | I104: Ja | X104: =VLOOKUP(A104,'Ark1'!A:A,1,FALSE) -> 2610 | Y104: =VLOOKUP(A104,'Ark1'!A:B,2,FALSE) -> Utgående moms SE
A105: 2615 | B105: Ingående moms 25 % EU | D105: Balansräkning | F105: Bokföring | I105: Ja | X105: =VLOOKUP(A105,'Ark1'!A:A,1,FALSE) -> 2615 | Y105: =VLOOKUP(A105,'Ark1'!A:B,2,FALSE) -> Utgående moms inköp av varor från annat EU-land, 25 %
A106: 2617 | B106: Utg. moms omv. skattskyldighet | D106: Balansräkning | F106: Bokföring | I106: Ja | X106: =VLOOKUP(A106,'Ark1'!A:A,1,FALSE) -> #N/A | Y106: =VLOOKUP(A106,'Ark1'!A:B,2,FALSE) -> #N/A
A107: 2620 | B107: Utgående moms 12 % | D107: Balansräkning | F107: Bokföring | I107: Ja | X107: =VLOOKUP(A107,'Ark1'!A:A,1,FALSE) -> #N/A | Y107: =VLOOKUP(A107,'Ark1'!A:B,2,FALSE) -> #N/A
A108: 2630 | B108: Utgående moms 6 % | D108: Balansräkning | F108: Bokföring | I108: Ja | X108: =VLOOKUP(A108,'Ark1'!A:A,1,FALSE) -> #N/A | Y108: =VLOOKUP(A108,'Ark1'!A:B,2,FALSE) -> #N/A
A109: 2640 | B109: Ingående moms 25 % | D109: Balansräkning | F109: Bokföring | I109: Ja | X109: =VLOOKUP(A109,'Ark1'!A:A,1,FALSE) -> 2640 | Y109: =VLOOKUP(A109,'Ark1'!A:B,2,FALSE) -> Ingående moms SE
A110: 2641 | B110: Endast moms | D110: Balansräkning | F110: Bokföring | I110: Ja | R110: ONLY | X110: =VLOOKUP(A110,'Ark1'!A:A,1,FALSE) -> #N/A | Y110: =VLOOKUP(A110,'Ark1'!A:B,2,FALSE) -> #N/A
...

Sheet Sheet2
A1: Kontoplan
P3: den 27 december 2025
P4: Sida 2 / 2
P7: USER_B1C8654F5C2B4759BB1E86754FC7249F
A8: ODLANU i Sverige AB
A13: Nr | B13: Namn | D13: Resultaträkning/Balansräkning | F13: Kontotyp | I13: Direktbokföring | K13: Summeringsintervall | M13: Typ av bokföring | O13: Gen. rörelsebokföringsmall | R13: Produktbokföringsmall | T13: Konsoliderad omräkningsmetod
A17: 3000 | B17: RESULTATRÄKNING | D17: Resultaträkning | F17: Rubrik | T17: Genomsnittskurs (manuell) | X17: =VLOOKUP(A17,'Ark1'!A:C,1,FALSE) -> #N/A | Y17: =VLOOKUP(A17,'Ark1'!A:B,2,FALSE) -> #N/A
X18: =VLOOKUP(A18,'Ark1'!A:C,1,FALSE) -> #N/A | Y18: =VLOOKUP(A18,'Ark1'!A:B,2,FALSE) -> #N/A
A19: 3002 | B19: Intäkt | D19: Resultaträkning | F19: Från-Summa | T19: Genomsnittskurs (manuell) | X19: =VLOOKUP(A19,'Ark1'!A:C,1,FALSE) -> #N/A | Y19: =VLOOKUP(A19,'Ark1'!A:B,2,FALSE) -> #N/A
A20: 3050 | B20: Försäljning varor | D20: Resultaträkning | F20: Från-Summa | T20: Genomsnittskurs (manuell) | X20: =VLOOKUP(A20,'Ark1'!A:C,1,FALSE) -> #N/A | Y20: =VLOOKUP(A20,'Ark1'!A:B,2,FALSE) -> #N/A
A21: 3051 | B21: Försäljning varor inom Sverige | D21: Resultaträkning | F21: Bokföring | I21: Ja | M21: Försäljning | O21: INRIKES | R21: DETALJ | X21: =VLOOKUP(A21,'Ark1'!A:C,1,FALSE) -> 3051 | Y21: =VLOOKUP(A21,'Ark1'!A:B,2,FALSE) -> Försäljning E handel
A22: 3055 | B22: Försäljning varor utom EU | D22: Resultaträkning | F22: Bokföring | I22: Ja | M22: Försäljning | O22: EXPORT | R22: DETALJ | X22: =VLOOKUP(A22,'Ark1'!A:C,1,FALSE) -> #N/A | Y22: =VLOOKUP(A22,'Ark1'!A:B,2,FALSE) -> #N/A
A23: 3056 | B23: Försäljning varor inom EU | D23: Resultaträkning | F23: Bokföring | I23: Ja | M23: Försäljning | O23: EU | R23: DETALJ | X23: =VLOOKUP(A23,'Ark1'!A:C,1,FALSE) -> #N/A | Y23: =VLOOKUP(A23,'Ark1'!A:B,2,FALSE) -> #N/A
A24: 3057 | B24: Projektförs. kopplade varor | D24: Resultaträkning | F24: Bokföring | I24: Ja | X24: =VLOOKUP(A24,'Ark1'!A:C,1,FALSE) -> #N/A | Y24: =VLOOKUP(A24,'Ark1'!A:B,2,FALSE) -> #N/A
A25: 3059 | B25: Försäljning varor totalt | D25: Resultaträkning | F25: Till-Summa | K25: 3050..3059 | T25: Genomsnittskurs (manuell) | X25: =VLOOKUP(A25,'Ark1'!A:C,1,FALSE) -> #N/A | Y25: =VLOOKUP(A25,'Ark1'!A:B,2,FALSE) -> #N/A
A26: 3060 | B26: Försäljning av råmaterial | D26: Resultaträkning | F26: Från-Summa | T26: Genomsnittskurs (manuell) | X26: =VLOOKUP(A26,'Ark1'!A:C,1,FALSE) -> #N/A | Y26: =VLOOKUP(A26,'Ark1'!A:B,2,FALSE) -> #N/A
A27: 3061 | B27: Försäljning råmaterial inom SE | D27: Resultaträkning | F27: Bokföring | I27: Ja | M27: Försäljning | O27: INRIKES | R27: RÅMAT | X27: =VLOOKUP(A27,'Ark1'!A:C,1,FALSE) -> #N/A | Y27: =VLOOKUP(A27,'Ark1'!A:B,2,FALSE) -> #N/A
A28: 3065 | B28: Försäljning råmaterial utom EU | D28: Resultaträkning | F28: Bokföring | I28: Ja | M28: Försäljning | O28: EXPORT | R28: RÅMAT | X28: =VLOOKUP(A28,'Ark1'!A:C,1,FALSE) -> #N/A | Y28: =VLOOKUP(A28,'Ark1'!A:B,2,FALSE) -> #N/A
A29: 3066 | B29: Försäljning råmaterial inom EU | D29: Resultaträkning | F29: Bokföring | I29: Ja | M29: Försäljning | O29: EU | R29: RÅMAT | X29: =VLOOKUP(A29,'Ark1'!A:C,1,FALSE) -> #N/A | Y29: =VLOOKUP(A29,'Ark1'!A:B,2,FALSE) -> #N/A
A30: 3067 | B30: Projektförs. kopplat råmat. | D30: Resultaträkning | F30: Bokföring | I30: Ja | X30: =VLOOKUP(A30,'Ark1'!A:C,1,FALSE) -> #N/A | Y30: =VLOOKUP(A30,'Ark1'!A:B,2,FALSE) -> #N/A
A31: 3069 | B31: Försäljning råmaterial totalt | D31: Resultaträkning | F31: Till-Summa | K31: 3060..3069 | T31: Genomsnittskurs (manuell) | X31: =VLOOKUP(A31,'Ark1'!A:C,1,FALSE) -> #N/A | Y31: =VLOOKUP(A31,'Ark1'!A:B,2,FALSE) -> #N/A
A32: 3070 | B32: Försäljning resurser | D32: Resultaträkning | F32: Från-Summa | T32: Genomsnittskurs (manuell) | X32: =VLOOKUP(A32,'Ark1'!A:C,1,FALSE) -> #N/A | Y32: =VLOOKUP(A32,'Ark1'!A:B,2,FALSE) -> #N/A
A33: 3071 | B33: Försäljning resurser inom SE | D33: Resultaträkning | F33: Bokföring | I33: Ja | M33: Försäljning | O33: INRIKES | R33: TJÄNSTER | X33: =VLOOKUP(A33,'Ark1'!A:C,1,FALSE) -> #N/A | Y33: =VLOOKUP(A33,'Ark1'!A:B,2,FALSE) -> #N/A
A34: 3075 | B34: Försäljning resurser utom EU | D34: Resultaträkning | F34: Bokföring | I34: Ja | M34: Försäljning | O34: EXPORT | R34: TJÄNSTER | X34: =VLOOKUP(A34,'Ark1'!A:C,1,FALSE) -> 3075 | Y34: =VLOOKUP(A34,'Ark1'!A:B,2,FALSE) -> Detaljhandel e-handel frakt
A35: 3076 | B35: Försäljning resurser inom EU | D35: Resultaträkning | F35: Bokföring | I35: Ja | M35: Försäljning | O35: EU | R35: TJÄNSTER | X35: =VLOOKUP(A35,'Ark1'!A:C,1,FALSE) -> #N/A | Y35: =VLOOKUP(A35,'Ark1'!A:B,2,FALSE) -> #N/A
A36: 3077 | B36: Projektförs. kopplade resurser | D36: Resultaträkning | F36: Bokföring | I36: Ja | X36: =VLOOKUP(A36,'Ark1'!A:C,1,FALSE) -> #N/A | Y36: =VLOOKUP(A36,'Ark1'!A:B,2,FALSE) -> #N/A
A37: 3079 | B37: Försäljning resurser totalt | D37: Resultaträkning | F37: Till-Summa | K37: 3070..3079 | T37: Genomsnittskurs (manuell) | X37: =VLOOKUP(A37,'Ark1'!A:C,1,FALSE) -> #N/A | Y37: =VLOOKUP(A37,'Ark1'!A:B,2,FALSE) -> #N/A
A38: 3080 | B38: Försäljning projekt | D38: Resultaträkning | F38: Från-Summa | T38: Genomsnittskurs (manuell) | X38: =VLOOKUP(A38,'Ark1'!A:C,1,FALSE) -> #N/A | Y38: =VLOOKUP(A38,'Ark1'!A:B,2,FALSE) -> #N/A
A39: 3081 | B39: Försäljning projekt övrigt | D39: Resultaträkning | F39: Bokföring | I39: Ja | M39: Försäljning | O39: INRIKES | R39: DIV | X39: =VLOOKUP(A39,'Ark1'!A:C,1,FALSE) -> #N/A | Y39: =VLOOKUP(A39,'Ark1'!A:B,2,FALSE) -> #N/A
A40: 3085 | B40: Projektförsäljning | D40: Resultaträkning | F40: Bokföring | I40: Ja | X40: =VLOOKUP(A40,'Ark1'!A:C,1,FALSE) -> #N/A | Y40: =VLOOKUP(A40,'Ark1'!A:B,2,FALSE) -> #N/A
A41: 3089 | B41: Försäljning projekt totalt | D41: Resultaträkning | F41: Till-Summa | K41: 3080..3089 | T41: Genomsnittskurs (manuell) | X41: =VLOOKUP(A41,'Ark1'!A:C,1,FALSE) -> #N/A | Y41: =VLOOKUP(A41,'Ark1'!A:B,2,FALSE) -> #N/A
A42: 3090 | B42: Konsultation inom Sverige | D42: Resultaträkning | F42: Bokföring | I42: Ja | M42: Försäljning | O42: INRIKES | R42: TJÄNSTER | X42: =VLOOKUP(A42,'Ark1'!A:C,1,FALSE) -> #N/A | Y42: =VLOOKUP(A42,'Ark1'!A:B,2,FALSE) -> #N/A
A43: 3091 | B43: Försäljning servicekontrakt | D43: Resultaträkning | F43: Bokföring | I43: Ja | O43: INRIKES | R43: TJÄNSTER | X43: =VLOOKUP(A43,'Ark1'!A:C,1,FALSE) -> #N/A | Y43: =VLOOKUP(A43,'Ark1'!A:B,2,FALSE) -> #N/A
A44: 3095 | B44: Övriga fakturerade kostnader | D44: Resultaträkning | F44: Bokföring | I44: Ja | M44: Försäljning | O44: INRIKES | R44: DIV | X44: =VLOOKUP(A44,'Ark1'!A:C,1,FALSE) -> #N/A | Y44: =VLOOKUP(A44,'Ark1'!A:B,2,FALSE) -> #N/A
A45: 3098 | B45: Intäktsreduktioner | D45: Resultaträkning | F45: Bokföring | I45: Ja | X45: =VLOOKUP(A45,'Ark1'!A:C,1,FALSE) -> #N/A | Y45: =VLOOKUP(A45,'Ark1'!A:B,2,FALSE) -> #N/A
A46: 3731 | B46: Lämnade kassarabatter | D46: Resultaträkning | F46: Bokföring | I46: Ja | X46: =VLOOKUP(A46,'Ark1'!A:C,1,FALSE) -> #N/A | Y46: =VLOOKUP(A46,'Ark1'!A:B,2,FALSE) -> #N/A
A47: 3732 | B47: Lämnade kassarabatter 2 | D47: Resultaträkning | F47: Bokföring | I47: Ja | X47: =VLOOKUP(A47,'Ark1'!A:C,1,FALSE) -> #N/A | Y47: =VLOOKUP(A47,'Ark1'!A:B,2,FALSE) -> #N/A
A48: 3740 | B48: Fakturaavrundning | D48: Resultaträkning | F48: Bokföring | I48: Ja | O48: INRIKES | R48: NO VAT | X48: =VLOOKUP(A48,'Ark1'!A:C,1,FALSE) -> 3740 | Y48: =VLOOKUP(A48,'Ark1'!A:B,2,FALSE) -> Öresavrundning
A49: 3999 | B49: Totala intäkter | D49: Resultaträkning | F49: Till-Summa | K49: 3002..3999 | T49: Genomsnittskurs (manuell) | X49: =VLOOKUP(A49,'Ark1'!A:C,1,FALSE) -> #N/A | Y49: =VLOOKUP(A49,'Ark1'!A:B,2,FALSE) -> #N/A
X50: =VLOOKUP(A50,'Ark1'!A:C,1,FALSE) -> #N/A | Y50: =VLOOKUP(A50,'Ark1'!A:B,2,FALSE) -> #N/A
A51: 4000 | B51: Kostnader | D51: Resultaträkning | F51: Från-Summa | T51: Genomsnittskurs (manuell) | X51: =VLOOKUP(A51,'Ark1'!A:C,1,FALSE) -> 4000 | Y51: =VLOOKUP(A51,'Ark1'!A:B,2,FALSE) -> Inköp varor
A52: 4002 | B52: Inköp av varor | D52: Resultaträkning | F52: Från-Summa | T52: Genomsnittskurs (manuell) | X52: =VLOOKUP(A52,'Ark1'!A:C,1,FALSE) -> #N/A | Y52: =VLOOKUP(A52,'Ark1'!A:B,2,FALSE) -> #N/A
A53: 4051 | B53: Inköp av varor inom Sverige | D53: Resultaträkning | F53: Bokföring | I53: Ja | M53: Inköp | O53: INRIKES | R53: DETALJ | X53: =VLOOKUP(A53,'Ark1'!A:C,1,FALSE) -> #N/A | Y53: =VLOOKUP(A53,'Ark1'!A:B,2,FALSE) -> #N/A
A54: 4055 | B54: Inköp varor utom EU | D54: Resultaträkning | F54: Bokföring | I54: Ja | M54: Inköp | O54: EXPORT | R54: DETALJ | X54: =VLOOKUP(A54,'Ark1'!A:C,1,FALSE) -> #N/A | Y54: =VLOOKUP(A54,'Ark1'!A:B,2,FALSE) -> #N/A
A55: 4056 | B55: Inköp av varor EU | D55: Resultaträkning | F55: Bokföring | I55: Ja | M55: Inköp | O55: EU | R55: DETALJ | X55: =VLOOKUP(A55,'Ark1'!A:C,1,FALSE) -> 4056 | Y55: =VLOOKUP(A55,'Ark1'!A:B,2,FALSE) -> Inköp tjänster EU
A56: 4058 | B56: Anskaff.kost. varor (interim) | D56: Resultaträkning | F56: Bokföring | I56: Ja | X56: =VLOOKUP(A56,'Ark1'!A:C,1,FALSE) -> #N/A | Y56: =VLOOKUP(A56,'Ark1'!A:B,2,FALSE) -> #N/A
A57: 4059 | B57: Anskaffningskostnad varor | D57: Resultaträkning | F57: Bokföring | I57: Ja | X57: =VLOOKUP(A57,'Ark1'!A:C,1,FALSE) -> #N/A | Y57: =VLOOKUP(A57,'Ark1'!A:B,2,FALSE) -> #N/A
A58: 4060 | B58: Förändring lager varor | D58: Resultaträkning | F58: Bokföring | I58: Ja | X58: =VLOOKUP(A58,'Ark1'!A:C,1,FALSE) -> #N/A | Y58: =VLOOKUP(A58,'Ark1'!A:B,2,FALSE) -> #N/A
A59: 4061 | B59: Förändring lager varor interim | D59: Resultaträkning | F59: Bokföring | I59: Ja | X59: =VLOOKUP(A59,'Ark1'!A:C,1,FALSE) -> #N/A | Y59: =VLOOKUP(A59,'Ark1'!A:B,2,FALSE) -> #N/A
A60: 4065 | B60: Projektkostn. kopplade varor | D60: Resultaträkning | F60: Bokföring | I60: Ja | X60: =VLOOKUP(A60,'Ark1'!A:C,1,FALSE) -> #N/A | Y60: =VLOOKUP(A60,'Ark1'!A:B,2,FALSE) -> #N/A
A61: 4070 | B61: Erhållna rabatter | D61: Resultaträkning | F61: Bokföring | I61: Ja | X61: =VLOOKUP(A61,'Ark1'!A:C,1,FALSE) -> #N/A | Y61: =VLOOKUP(A61,'Ark1'!A:B,2,FALSE) -> #N/A
A62: 4080 | B62: Frakter, transporter, förs. | D62: Resultaträkning | F62: Bokföring | I62: Ja | M62: Inköp | O62: INRIKES | R62: DIV | X62: =VLOOKUP(A62,'Ark1'!A:C,1,FALSE) -> #N/A | Y62: =VLOOKUP(A62,'Ark1'!A:B,2,FALSE) -> #N/A
A63: 4091 | B63: Direkt kostnad kopplade varor | D63: Resultaträkning | F63: Bokföring | I63: Ja | X63: =VLOOKUP(A63,'Ark1'!A:C,1,FALSE) -> #N/A | Y63: =VLOOKUP(A63,'Ark1'!A:B,2,FALSE) -> #N/A
A64: 4092 | B64: Omkostnad kopplade varor | D64: Resultaträkning | F64: Bokföring | I64: Ja | X64: =VLOOKUP(A64,'Ark1'!A:C,1,FALSE) -> #N/A | Y64: =VLOOKUP(A64,'Ark1'!A:B,2,FALSE) -> #N/A
A65: 4093 | B65: Inköpsvarians varor | D65: Resultaträkning | F65: Bokföring | I65: Ja | X65: =VLOOKUP(A65,'Ark1'!A:C,1,FALSE) -> #N/A | Y65: =VLOOKUP(A65,'Ark1'!A:B,2,FALSE) -> #N/A
A66: 4099 | B66: Inköp av varor totalt | D66: Resultaträkning | F66: Till-Summa | K66: 4002..4099 | T66: Genomsnittskurs (manuell) | X66: =VLOOKUP(A66,'Ark1'!A:C,1,FALSE) -> #N/A | Y66: =VLOOKUP(A66,'Ark1'!A:B,2,FALSE) -> #N/A
A67: 4100 | B67: Inköp av råmaterial | D67: Resultaträkning | F67: Från-Summa | T67: Genomsnittskurs (manuell) | X67: =VLOOKUP(A67,'Ark1'!A:C,1,FALSE) -> #N/A | Y67: =VLOOKUP(A67,'Ark1'!A:B,2,FALSE) -> #N/A
A68: 4151 | B68: Inköp av råmat. inom Sverige | D68: Resultaträkning | F68: Bokföring | I68: Ja | M68: Inköp | O68: INRIKES | R68: RÅMAT | X68: =VLOOKUP(A68,'Ark1'!A:C,1,FALSE) -> #N/A | Y68: =VLOOKUP(A68,'Ark1'!A:B,2,FALSE) -> #N/A
A69: 4155 | B69: Inköp av råmaterial utom EU | D69: Resultaträkning | F69: Bokföring | I69: Ja | M69: Inköp | O69: EXPORT | R69: RÅMAT | X69: =VLOOKUP(A69,'Ark1'!A:C,1,FALSE) -> #N/A | Y69: =VLOOKUP(A69,'Ark1'!A:B,2,FALSE) -> #N/A
A70: 4156 | B70: Inköp av råmaterial inom EU | D70: Resultaträkning | F70: Bokföring | I70: Ja | M70: Inköp | O70: EU | R70: RÅMAT | X70: =VLOOKUP(A70,'Ark1'!A:C,1,FALSE) -> #N/A | Y70: =VLOOKUP(A70,'Ark1'!A:B,2,FALSE) -> #N/A
A71: 4158 | B71: Anskaff.kost. råmat. (interim) | D71: Resultaträkning | F71: Bokföring | I71: Ja | X71: =VLOOKUP(A71,'Ark1'!A:C,1,FALSE) -> #N/A | Y71: =VLOOKUP(A71,'Ark1'!A:B,2,FALSE) -> #N/A
A72: 4159 | B72: Anskaffningskost. råmaterial | D72: Resultaträkning | F72: Bokföring | I72: Ja | X72: =VLOOKUP(A72,'Ark1'!A:C,1,FALSE) -> #N/A | Y72: =VLOOKUP(A72,'Ark1'!A:B,2,FALSE) -> #N/A
A73: 4160 | B73: Förändring lager råmaterial | D73: Resultaträkning | F73: Bokföring | I73: Ja | X73: =VLOOKUP(A73,'Ark1'!A:C,1,FALSE) -> #N/A | Y73: =VLOOKUP(A73,'Ark1'!A:B,2,FALSE) -> #N/A
A74: 4161 | B74: Förändring råmat.lager (int.) | D74: Resultaträkning | F74: Bokföring | I74: Ja | X74: =VLOOKUP(A74,'Ark1'!A:C,1,FALSE) -> #N/A | Y74: =VLOOKUP(A74,'Ark1'!A:B,2,FALSE) -> #N/A
A75: 4165 | B75: Projektkostn. kopplat råmat. | D75: Resultaträkning | F75: Bokföring | I75: Ja | X75: =VLOOKUP(A75,'Ark1'!A:C,1,FALSE) -> #N/A | Y75: =VLOOKUP(A75,'Ark1'!A:B,2,FALSE) -> #N/A
A76: 4170 | B76: Erhållna rabatter, råmaterial | D76: Resultaträkning | F76: Bokföring | I76: Ja | X76: =VLOOKUP(A76,'Ark1'!A:C,1,FALSE) -> #N/A | Y76: =VLOOKUP(A76,'Ark1'!A:B,2,FALSE) -> #N/A
A77: 4180 | B77: Frakter, transp., förs. råmat. | D77: Resultaträkning | F77: Bokföring | I77: Ja | M77: Inköp | O77: INRIKES | R77: DIV | X77: =VLOOKUP(A77,'Ark1'!A:C,1,FALSE) -> #N/A | Y77: =VLOOKUP(A77,'Ark1'!A:B,2,FALSE) -> #N/A
A78: 4191 | B78: Kopplad direkt kostnad, råmaterial | D78: Resultaträkning | F78: Bokföring | I78: Ja | X78: =VLOOKUP(A78,'Ark1'!A:C,1,FALSE) -> #N/A | Y78: =VLOOKUP(A78,'Ark1'!A:B,2,FALSE) -> #N/A
A79: 4193 | B79: Omkostnader kopplade, råmaterial | D79: Resultaträkning | F79: Bokföring | I79: Ja | X79: =VLOOKUP(A79,'Ark1'!A:C,1,FALSE) -> #N/A | Y79: =VLOOKUP(A79,'Ark1'!A:B,2,FALSE) -> #N/A
A80: 4199 | B80: Inköp av råmaterial totalt | D80: Resultaträkning | F80: Till-Summa | K80: 4100..4199 | T80: Genomsnittskurs (manuell) | X80: =VLOOKUP(A80,'Ark1'!A:C,1,FALSE) -> #N/A | Y80: =VLOOKUP(A80,'Ark1'!A:B,2,FALSE) -> #N/A
A81: 4250 | B81: Projektkostn kopplade resurser | D81: Resultaträkning | F81: Bokföring | I81: Ja | X81: =VLOOKUP(A81,'Ark1'!A:C,1,FALSE) -> #N/A | Y81: =VLOOKUP(A81,'Ark1'!A:B,2,FALSE) -> #N/A
A82: 4260 | B82: Resurskostnader | D82: Resultaträkning | F82: Från-Summa | T82: Genomsnittskurs (manuell) | X82: =VLOOKUP(A82,'Ark1'!A:C,1,FALSE) -> #N/A | Y82: =VLOOKUP(A82,'Ark1'!A:B,2,FALSE) -> #N/A
A83: 4299 | B83: Resurskostnader totalt | D83: Resultaträkning | F83: Till-Summa | K83: 4260..4299 | T83: Genomsnittskurs (manuell) | X83: =VLOOKUP(A83,'Ark1'!A:C,1,FALSE) -> #N/A | Y83: =VLOOKUP(A83,'Ark1'!A:B,2,FALSE) -> #N/A
A84: 4300 | B84: Projektkostnader | D84: Resultaträkning | F84: Bokföring | I84: Ja | X84: =VLOOKUP(A84,'Ark1'!A:C,1,FALSE) -> #N/A | Y84: =VLOOKUP(A84,'Ark1'!A:B,2,FALSE) -> #N/A
A85: 4491 | B85: Kopplad direkt kostnad, kapacitet | D85: Resultaträkning | F85: Bokföring | I85: Ja | X85: =VLOOKUP(A85,'Ark1'!A:C,1,FALSE) -> #N/A | Y85: =VLOOKUP(A85,'Ark1'!A:B,2,FALSE) -> #N/A
A86: 4492 | B86: Omkostnad kopplad kapacitet | D86: Resultaträkning | F86: Bokföring | I86: Ja | X86: =VLOOKUP(A86,'Ark1'!A:C,1,FALSE) -> #N/A | Y86: =VLOOKUP(A86,'Ark1'!A:B,2,FALSE) -> #N/A
A87: 4493 | B87: Inköpsvarians kapacitet | D87: Resultaträkning | F87: Bokföring | I87: Ja | X87: =VLOOKUP(A87,'Ark1'!A:C,1,FALSE) -> #N/A | Y87: =VLOOKUP(A87,'Ark1'!A:B,2,FALSE) -> #N/A
A88: 4510 | B88: Materialvarians | D88: Resultaträkning | F88: Bokföring | I88: Ja | X88: =VLOOKUP(A88,'Ark1'!A:C,1,FALSE) -> #N/A | Y88: =VLOOKUP(A88,'Ark1'!A:B,2,FALSE) -> #N/A
A89: 4515 | B89: Varians för material – inte i lager | D89: Resultaträkning | F89: Bokföring | I89: Ja | X89: =VLOOKUP(A89,'Ark1'!A:C,1,FALSE) -> #N/A | Y89: =VLOOKUP(A89,'Ark1'!A:B,2,FALSE) -> #N/A
A90: 4520 | B90: Kapacitetsvarians | D90: Resultaträkning | F90: Bokföring | I90: Ja | X90: =VLOOKUP(A90,'Ark1'!A:C,1,FALSE) -> #N/A | Y90: =VLOOKUP(A90,'Ark1'!A:B,2,FALSE) -> #N/A
A91: 4530 | B91: Legotillverkning varians | D91: Resultaträkning | F91: Bokföring | I91: Ja | X91: =VLOOKUP(A91,'Ark1'!A:C,1,FALSE) -> #N/A | Y91: =VLOOKUP(A91,'Ark1'!A:B,2,FALSE) -> #N/A
A92: 4540 | B92: Kapacitetsomkostnadsvarians | D92: Resultaträkning | F92: Bokföring | I92: Ja | X92: =VLOOKUP(A92,'Ark1'!A:C,1,FALSE) -> #N/A | Y92: =VLOOKUP(A92,'Ark1'!A:B,2,FALSE) -> #N/A
A93: 4550 | B93: Produktionsomkostnadsvarians | D93: Resultaträkning | F93: Bokföring | I93: Ja | X93: =VLOOKUP(A93,'Ark1'!A:C,1,FALSE) -> #N/A | Y93: =VLOOKUP(A93,'Ark1'!A:B,2,FALSE) -> #N/A
A94: 4599 | B94: Total kostnad | D94: Resultaträkning | F94: Till-Summa | K94: 4000..4599 | T94: Genomsnittskurs (manuell) | X94: =VLOOKUP(A94,'Ark1'!A:C,1,FALSE) -> #N/A | Y94: =VLOOKUP(A94,'Ark1'!A:B,2,FALSE) -> #N/A
A95: 4731 | B95: Erhållna kassarabatter | D95: Resultaträkning | F95: Bokföring | I95: Ja | X95: =VLOOKUP(A95,'Ark1'!A:C,1,FALSE) -> #N/A | Y95: =VLOOKUP(A95,'Ark1'!A:B,2,FALSE) -> #N/A
A96: 4732 | B96: Erhållna kassarabatter 2 | D96: Resultaträkning | F96: Bokföring | I96: Ja | X96: =VLOOKUP(A96,'Ark1'!A:C,1,FALSE) -> #N/A | Y96: =VLOOKUP(A96,'Ark1'!A:B,2,FALSE) -> #N/A
A97: 5100 | B97: Underhållskostnad fastigheter | D97: Resultaträkning | F97: Från-Summa | T97: Genomsnittskurs (manuell) | X97: =VLOOKUP(A97,'Ark1'!A:C,1,FALSE) -> #N/A | Y97: =VLOOKUP(A97,'Ark1'!A:B,2,FALSE) -> #N/A
A98: 5130 | B98: Uppvärmning | D98: Resultaträkning | F98: Bokföring | I98: Ja | M98: Inköp | O98: INRIKES | R98: DIV | X98: =VLOOKUP(A98,'Ark1'!A:C,1,FALSE) -> #N/A | Y98: =VLOOKUP(A98,'Ark1'!A:B,2,FALSE) -> #N/A
A99: 5135 | B99: Skatt bränsle | D99: Resultaträkning | F99: Bokföring | I99: Ja | X99: =VLOOKUP(A99,'Ark1'!A:C,1,FALSE) -> #N/A | Y99: =VLOOKUP(A99,'Ark1'!A:B,2,FALSE) -> #N/A
A100: 5136 | B100: Skatt koldioxid | D100: Resultaträkning | F100: Bokföring | I100: Ja | X100: =VLOOKUP(A100,'Ark1'!A:C,1,FALSE) -> #N/A | Y100: =VLOOKUP(A100,'Ark1'!A:B,2,FALSE) -> #N/A
A101: 5160 | B101: Städning och renhållning | D101: Resultaträkning | F101: Bokföring | I101: Ja | M101: Inköp | O101: INRIKES | R101: DIV | X101: =VLOOKUP(A101,'Ark1'!A:C,1,FALSE) -> #N/A | Y101: =VLOOKUP(A101,'Ark1'!A:B,2,FALSE) -> #N/A
A102: 5170 | B102: Reparations- och underhållsutgifter | D102: Resultaträkning | F102: Bokföring | I102: Ja | M102: Inköp | O102: INRIKES | R102: DIV | X102: =VLOOKUP(A102,'Ark1'!A:C,1,FALSE) -> #N/A | Y102: =VLOOKUP(A102,'Ark1'!A:B,2,FALSE) -> #N/A
A103: 5199 | B103: Fastighetskostnader totalt | D103: Resultaträkning | F103: Till-Summa | K103: 5100..5199 | T103: Genomsnittskurs (manuell) | X103: =VLOOKUP(A103,'Ark1'!A:C,1,FALSE) -> #N/A | Y103: =VLOOKUP(A103,'Ark1'!A:B,2,FALSE) -> #N/A
A104: 5600 | B104: Kostnader för transportmedel | D104: Resultaträkning | F104: Från-Summa | T104: Genomsnittskurs (manuell) | X104: =VLOOKUP(A104,'Ark1'!A:C,1,FALSE) -> #N/A | Y104: =VLOOKUP(A104,'Ark1'!A:B,2,FALSE) -> #N/A
A105: 5611 | B105: Drivmedel | D105: Resultaträkning | F105: Bokföring | I105: Ja | M105: Inköp | O105: INRIKES | R105: DIV | X105: =VLOOKUP(A105,'Ark1'!A:C,1,FALSE) -> 5611 | Y105: =VLOOKUP(A105,'Ark1'!A:B,2,FALSE) -> Personbilar drivmedel
A106: 5612 | B106: Försäkring, skatt personbilar | D106: Resultaträkning | F106: Bokföring | I106: Ja | M106: Inköp | O106: INRIKES | R106: NO VAT | X106: =VLOOKUP(A106,'Ark1'!A:C,1,FALSE) -> 5612 | Y106: =VLOOKUP(A106,'Ark1'!A:B,2,FALSE) -> Personbilar försäkring & skatt
A107: 5613 | B107: Reparation och underhåll | D107: Resultaträkning | F107: Bokföring | I107: Ja | M107: Inköp | O107: INRIKES | R107: DIV | X107: =VLOOKUP(A107,'Ark1'!A:C,1,FALSE) -> #N/A | Y107: =VLOOKUP(A107,'Ark1'!A:B,2,FALSE) -> #N/A
A108: 5699 | B108: Transportmedelskost. totalt | D108: Resultaträkning | F108: Till-Summa | K108: 5600..5699 | T108: Genomsnittskurs (manuell) | X108: =VLOOKUP(A108,'Ark1'!A:C,1,FALSE) -> #N/A | Y108: =VLOOKUP(A108,'Ark1'!A:B,2,FALSE) -> #N/A
A109: 5710 | B109: Frakter och transporter | D109: Resultaträkning | F109: Bokföring | I109: Ja | M109: Inköp | O109: INRIKES | R109: DIV | X109: =VLOOKUP(A109,'Ark1'!A:C,1,FALSE) -> #N/A | Y109: =VLOOKUP(A109,'Ark1'!A:B,2,FALSE) -> #N/A
A110: 5810 | B110: Resekostnader | D110: Resultaträkning | F110: Bokföring | I110: Ja | M110: Inköp | O110: INRIKES | R110: NO VAT | X110: =VLOOKUP(A110,'Ark1'!A:C,1,FALSE) -> #N/A | Y110: =VLOOKUP(A110,'Ark1'!A:B,2,FALSE) -> #N/A
...

Sheet Ark1
A1: RÖRELSENS INTÄKTER Nettoomsättning
A2: 3051 | B2: Försäljning E handel | C2: 862 696,48 | D2: =VLOOKUP(A2,Sheet2!A:G,1,FALSE) -> 3051
A3: 3052 | B3: Reklamationer | C3: 129 507,20 | D3: =VLOOKUP(A3,Sheet2!A:G,1,FALSE) -> #N/A
A4: 3072 | B4: Detaljhandel e-handel övrig fysisk | C4: 0 | D4: =VLOOKUP(A4,Sheet2!A:G,1,FALSE) -> #N/A
A5: 3075 | B5: Detaljhandel e-handel frakt | C5: 0 | D5: =VLOOKUP(A5,Sheet2!A:G,1,FALSE) -> 3075
A6: 3078 | B6: Detaljhandel B2B övrig | C6: 0 | D6: =VLOOKUP(A6,Sheet2!A:G,1,FALSE) -> #N/A
A7: 3520 | B7: Färsäljning frakt | C7: 0 | D7: =VLOOKUP(A7,Sheet2!A:G,1,FALSE) -> #N/A
A8: 3740 | B8: Öresavrundning | C8: 78.57 | D8: =VLOOKUP(A8,Sheet2!A:G,1,FALSE) -> 3740
A9: Summa nettoomsättning | C9: 992 282,25 | D9: =VLOOKUP(A9,Sheet2!A:G,1,FALSE) -> #N/A
A10: Övriga rörelseintäkter | D10: =VLOOKUP(A10,Sheet2!A:G,1,FALSE) -> #N/A
A11: 3902 | B11: Momsfria intäkter | C11: 0 | D11: =VLOOKUP(A11,Sheet2!A:G,1,FALSE) -> #N/A
A12: 3950 | B12: Återvunna kundförluster | C12: 1 301,98 | D12: =VLOOKUP(A12,Sheet2!A:G,1,FALSE) -> #N/A
A13: 3961 | B13: Valutakursvinster rörelseskulder | C13: 0 | D13: =VLOOKUP(A13,Sheet2!A:G,1,FALSE) -> #N/A
A14: Summa övriga rörelseintäkter | C14: 1 301,98 | D14: =VLOOKUP(A14,Sheet2!A:G,1,FALSE) -> #N/A
A15: SUMMA RÖRELSENS INTÄKTER | C15: 993 584,23 | D15: =VLOOKUP(A15,Sheet2!A:G,1,FALSE) -> #N/A
A16: RÖRELSENS KOSTNADER | D16: =VLOOKUP(A16,Sheet2!A:G,1,FALSE) -> #N/A
A17: Råvaror och förnödenheter | D17: =VLOOKUP(A17,Sheet2!A:G,1,FALSE) -> #N/A
A18: 4000 | B18: Inköp varor | C18: 0 | D18: =VLOOKUP(A18,Sheet2!A:G,1,FALSE) -> 4000
A19: 4010 | B19: Kostnad sålda varor | C19: -409 203,00 | D19: =VLOOKUP(A19,Sheet2!A:G,1,FALSE) -> #N/A
A20: 4043 | B20: Kostnad sålda varor droppshipping | C20: -23 231,43 | D20: =VLOOKUP(A20,Sheet2!A:G,1,FALSE) -> #N/A
A21: 4050 | B21: Fraktkostnader inkommade varor | C21: -7 399,70 | D21: =VLOOKUP(A21,Sheet2!A:G,1,FALSE) -> #N/A
A22: 4056 | B22: Inköp tjänster EU | C22: -32 393,84 | D22: =VLOOKUP(A22,Sheet2!A:G,1,FALSE) -> 4056
A23: 4402 | B23: Kostnader produktionskostnader varuhus, emballage | C23: -37 385,80 | D23: =VLOOKUP(A23,Sheet2!A:G,1,FALSE) -> #N/A
A24: 4543 | B24: Inköp EU | C24: 267 703,99 | D24: =VLOOKUP(A24,Sheet2!A:G,1,FALSE) -> #N/A
A25: 4549 | B25: Motkontering inköp EU | C25: -261 904,15 | D25: =VLOOKUP(A25,Sheet2!A:G,1,FALSE) -> #N/A
A26: Summa råvaror och förnödenheter | C26: -503 813,93 | D26: =VLOOKUP(A26,Sheet2!A:G,1,FALSE) -> #N/A
A27: BRUTTOVINST | C27: 489 770,30 | D27: =VLOOKUP(A27,Sheet2!A:G,1,FALSE) -> #N/A
A28: Övriga externa kostnader | D28: =VLOOKUP(A28,Sheet2!A:G,1,FALSE) -> #N/A
A29: 5011 | B29: Hyreskostnader | C29: 0 | D29: =VLOOKUP(A29,Sheet2!A:G,1,FALSE) -> #N/A
A30: 5020 | B30: Hyreskostnader - el | C30: -106 920,80 | D30: =VLOOKUP(A30,Sheet2!A:G,1,FALSE) -> #N/A
A31: 5061 | B31: Hyreskostander - städ | C31: -3 760,00 | D31: =VLOOKUP(A31,Sheet2!A:G,1,FALSE) -> #N/A
A32: 5062 | B32: Hyreskostnader - sophämtning | C32: -1 148,80 | D32: =VLOOKUP(A32,Sheet2!A:G,1,FALSE) -> #N/A
A33: 5090 | B33: Hyreskostnader - övrigt | C33: -21 245,46 | D33: =VLOOKUP(A33,Sheet2!A:G,1,FALSE) -> #N/A
A34: 5422 | B34: Licenser programvara - backoffice (server) | C34: 0 | D34: =VLOOKUP(A34,Sheet2!A:G,1,FALSE) -> #N/A
A35: 5423 | B35: Licenser programvara - digital verksamhet | C35: -61 241,52 | D35: =VLOOKUP(A35,Sheet2!A:G,1,FALSE) -> #N/A
A36: 5460 | B36: Förbrukningsmaterial | C36: -12 298,68 | D36: =VLOOKUP(A36,Sheet2!A:G,1,FALSE) -> #N/A
A37: 5480 | B37: Arbetskläder & Reklam material | C37: 0 | D37: =VLOOKUP(A37,Sheet2!A:G,1,FALSE) -> #N/A
A38: 5611 | B38: Personbilar drivmedel | C38: -913.27 | D38: =VLOOKUP(A38,Sheet2!A:G,1,FALSE) -> 5611
A39: 5612 | B39: Personbilar försäkring & skatt | C39: -2 587,00 | D39: =VLOOKUP(A39,Sheet2!A:G,1,FALSE) -> 5612
A40: 5619 | B40: Personbilar övrigt | C40: 0 | D40: =VLOOKUP(A40,Sheet2!A:G,1,FALSE) -> #N/A
A41: 5700 | B41: Distribution & Transportkostnader | C41: -169 070,04 | D41: =VLOOKUP(A41,Sheet2!A:G,1,FALSE) -> #N/A
A42: 5800 | B42: Resekostnader | C42: -1 080,00 | D42: =VLOOKUP(A42,Sheet2!A:G,1,FALSE) -> #N/A
A43: 5900 | B43: Markandsföring och PR | C43: -172 552,23 | D43: =VLOOKUP(A43,Sheet2!A:G,1,FALSE) -> 5900
A44: 5901 | B44: Marknadsföring och PR, EU | C44: -32 036,14 | D44: =VLOOKUP(A44,Sheet2!A:G,1,FALSE) -> #N/A
A45: 5973 | B45: Reklam web | C45: -22 000,00 | D45: =VLOOKUP(A45,Sheet2!A:G,1,FALSE) -> #N/A
A46: 6212 | B46: Telekom - mobiltelefon tjänster | C46: -1 364,85 | D46: =VLOOKUP(A46,Sheet2!A:G,1,FALSE) -> #N/A
A47: 6231 | B47: IT verksamhet & hosting - backoffice | C47: -32 393,84 | D47: =VLOOKUP(A47,Sheet2!A:G,1,FALSE) -> #N/A
A48: 6234 | B48: IT verksamhet & hosting - underhåll tjänster | C48: -65 134,70 | D48: =VLOOKUP(A48,Sheet2!A:G,1,FALSE) -> #N/A
A49: 6310 | B49: Företagsförsäkringar | C49: -2 659,73 | D49: =VLOOKUP(A49,Sheet2!A:G,1,FALSE) -> #N/A
A50: 6420 | B50: Revisionskostnader | C50: 0 | D50: =VLOOKUP(A50,Sheet2!A:G,1,FALSE) -> 6420
A51: 6530 | B51: Redovisningstjänster | C51: -22 399,20 | D51: =VLOOKUP(A51,Sheet2!A:G,1,FALSE) -> #N/A
A52: 6570 | B52: Bankkostnader | C52: 0 | D52: =VLOOKUP(A52,Sheet2!A:G,1,FALSE) -> #N/A
A53: 6800 | B53: Konsultkostnader | C53: 0 | D53: =VLOOKUP(A53,Sheet2!A:G,1,FALSE) -> #N/A
A54: 6950 | B54: Tillsynsavgifter | C54: -3 000,00 | D54: =VLOOKUP(A54,Sheet2!A:G,1,FALSE) -> #N/A
A55: 6991 | B55: Övriga externa kostnader avdragsgill | C55: 0 | D55: =VLOOKUP(A55,Sheet2!A:G,1,FALSE) -> #N/A
A56: 6992 | B56: Övriga externa kostnader, ej avdragsgill | C56: 0 | D56: =VLOOKUP(A56,Sheet2!A:G,1,FALSE) -> #N/A
A57: Summa övriga externa kostnader | C57: -733 806,26 | D57: =VLOOKUP(A57,Sheet2!A:G,1,FALSE) -> #N/A
A58: Personalkostnader | D58: =VLOOKUP(A58,Sheet2!A:G,1,FALSE) -> #N/A
A59: 7010 | B59: Löner kollektiv | C59: -114 693,90 | D59: =VLOOKUP(A59,Sheet2!A:G,1,FALSE) -> 7010
A60: 7011 | B60: Löner till kollektivanställda | C60: -55 298,28 | D60: =VLOOKUP(A60,Sheet2!A:G,1,FALSE) -> #N/A
A61: 7081 | B61: Sjuklön kollektivanställd (HR) | C61: -6 548,56 | D61: =VLOOKUP(A61,Sheet2!A:G,1,FALSE) -> #N/A
A62: 7082 | B62: Semesterlöner till kollektivanställda | C62: -5 881,51 | D62: =VLOOKUP(A62,Sheet2!A:G,1,FALSE) -> #N/A
A63: 7090 | B63: Förändring semesterlöneskuld kollektiv (HR) | C63: -16 420,26 | D63: =VLOOKUP(A63,Sheet2!A:G,1,FALSE) -> #N/A
A64: 7210 | B64: Löner till tjänstemän | C64: -100 221,76 | D64: =VLOOKUP(A64,Sheet2!A:G,1,FALSE) -> 7210
A65: 7281 | B65: Sjuklöner till tjänstemän | C65: 0 | D65: =VLOOKUP(A65,Sheet2!A:G,1,FALSE) -> #N/A
A66: 7285 | B66: Semesterlöner till tjänstemän | C66: 0 | D66: =VLOOKUP(A66,Sheet2!A:G,1,FALSE) -> #N/A
A67: 7290 | B67: Förändring av semesterlöneskuld | C67: -13 028,82 | D67: =VLOOKUP(A67,Sheet2!A:G,1,FALSE) -> #N/A
A68: 7321 | B68: Skattefria traktamenten, Sverige | C68: 0 | D68: =VLOOKUP(A68,Sheet2!A:G,1,FALSE) -> #N/A
A69: 7331 | B69: Skattefria bilersättningar | C69: 0 | D69: =VLOOKUP(A69,Sheet2!A:G,1,FALSE) -> #N/A
A70: 7390 | B70: Övriga kostnadsersättningar och förmåner | C70: 0 | D70: =VLOOKUP(A70,Sheet2!A:G,1,FALSE) -> #N/A
A71: 7398 | B71: Förmånsvärden | C71: 0 | D71: =VLOOKUP(A71,Sheet2!A:G,1,FALSE) -> #N/A
A72: 7399 | B72: Motkontering personalförmåner | C72: 0 | D72: =VLOOKUP(A72,Sheet2!A:G,1,FALSE) -> #N/A
A73: 7410 | B73: Pensionspremier koll försäkring | C73: 0 | D73: =VLOOKUP(A73,Sheet2!A:G,1,FALSE) -> #N/A
A74: 7414 | B74: Pensionspremier SAF-LO koll | C74: 0 | D74: =VLOOKUP(A74,Sheet2!A:G,1,FALSE) -> #N/A
A75: 7490 | B75: Övriga pensionskostnader | C75: -18 428,00 | D75: =VLOOKUP(A75,Sheet2!A:G,1,FALSE) -> #N/A
A76: 7510 | B76: Sociala avgifter tjänstemän | C76: -88 805,00 | D76: =VLOOKUP(A76,Sheet2!A:G,1,FALSE) -> #N/A
A77: 7519 | B77: Arbetsgivaravgifter för semester- och löneskuld | C77: -9 252,90 | D77: =VLOOKUP(A77,Sheet2!A:G,1,FALSE) -> #N/A
A78: 7533 | B78: Källskatt pensionskostnader | C78: 0 | D78: =VLOOKUP(A78,Sheet2!A:G,1,FALSE) -> #N/A
A79: 7690 | B79: Övriga personalkostnader | C79: 0 | D79: =VLOOKUP(A79,Sheet2!A:G,1,FALSE) -> #N/A
A80: Summa personalkostnader | C80: -428 578,99 | D80: =VLOOKUP(A80,Sheet2!A:G,1,FALSE) -> #N/A
A81: Avskrivningar | D81: =VLOOKUP(A81,Sheet2!A:G,1,FALSE) -> #N/A
A82: 7832 | B82: Avskrivningar inventarier och verktyg | C82: 0 | D82: =VLOOKUP(A82,Sheet2!A:G,1,FALSE) -> #N/A
A83: 7834 | B83: Avskrivningar bilar & övriga fordon | C83: -5 345,00 | D83: =VLOOKUP(A83,Sheet2!A:G,1,FALSE) -> 7834
A84: 7835 | B84: avskriving hemsidor | C84: -22 623,00 | D84: =VLOOKUP(A84,Sheet2!A:G,1,FALSE) -> #N/A
A85: 7840 | B85: Avskrivningar hyrd fastighet | C85: 0 | D85: =VLOOKUP(A85,Sheet2!A:G,1,FALSE) -> #N/A
A86: Summa avskrivningar | C86: -27 968,00 | D86: =VLOOKUP(A86,Sheet2!A:G,1,FALSE) -> #N/A
A87: Övriga rörelsekostnader | D87: =VLOOKUP(A87,Sheet2!A:G,1,FALSE) -> #N/A
A88: 7962 | B88: Valutakursförluster övriga skulder | C88: -557.39 | D88: =VLOOKUP(A88,Sheet2!A:G,1,FALSE) -> #N/A
A89: Summa övriga rörelsekostnader | C89: -557.39 | D89: =VLOOKUP(A89,Sheet2!A:G,1,FALSE) -> #N/A
A90: RÖRELSERESULTAT | C90: -701 140,34 | D90: =VLOOKUP(A90,Sheet2!A:G,1,FALSE) -> #N/A
A91: Finansiella poster | D91: =VLOOKUP(A91,Sheet2!A:G,1,FALSE) -> #N/A
A92: 8314 | B92: Ränteintäkter skattekonto | C92: 0 | D92: =VLOOKUP(A92,Sheet2!A:G,1,FALSE) -> #N/A
A93: 8422 | B93: Räntekostnader förseningar | C93: 0 | D93: =VLOOKUP(A93,Sheet2!A:G,1,FALSE) -> 8422
A94: 8423 | B94: Räntekostnader för skatter och avgifter | C94: -1 028,00 | D94: =VLOOKUP(A94,Sheet2!A:G,1,FALSE) -> #N/A
A95: Summa finansiella poster | C95: -1 028,00 | D95: =VLOOKUP(A95,Sheet2!A:G,1,FALSE) -> #N/A
D96: =VLOOKUP(A96,Sheet2!A:G,1,FALSE) -> #N/A
A97: RESULTAT EFTER FINANSIELLA POSTER | C97: -702 168,34 | D97: =VLOOKUP(A97,Sheet2!A:G,1,FALSE) -> #N/A
A98: SUMMA RÖRELSENS KOSTNADER | C98: -1 695 752,57 | D98: =VLOOKUP(A98,Sheet2!A:G,1,FALSE) -> #N/A
A99: BERÄKNAT RESULTAT | C99: -702 168,34 | D99: =VLOOKUP(A99,Sheet2!A:G,1,FALSE) -> #N/A
A100: TILLGÅNGAR Anläggningstillgångar Immateriella anläggningstillgångar | D100: =VLOOKUP(A100,Sheet2!A:G,1,FALSE) -> #N/A
...
